Metric,Value
Return,0.016536536156816543
Volatility,0.10819629500154355
Sharpe,0.1528382848653055
Max Drawdown,-0.35867347417965584
