vol_regime,Annual_Return,Annual_Volatility,Observations
High Volatility,0.001946184383363002,0.10671988216302708,2490
Low Volatility,0.03112688793027009,0.10966656890454479,2490
