Metric,Value
Total Return,0.001950796183582959
Annual Return,0.001166633533881716
Volatility,0.046221008870689986
Sharpe Ratio,0.02524033036893555
Max Drawdown,-0.24348148884357051
