Metric,Value
Daily Volatility,0.005571033723186153
Annualized Volatility,0.08843741866262887
Value at Risk (95%),-0.00869406442883737
Max Drawdown,-0.4002250562640653
