Metric,Value
Total Return,0.23515899091985237
Annual Return,0.016536536156816467
Volatility,0.10819629500154322
Sharpe Ratio,0.15283828486530526
Max Drawdown,-0.3586734741796558
Total Trades,108.0
