vol_regime,Annual_Return,Annual_Volatility,Observations
High Volatility,0.00194618438336307,0.10671988216302662,2490
Low Volatility,0.03112688793026987,0.10966656890454442,2490
