Metric,Value
Best Short Window,30.0
Best Long Window,150.0
Test Total Return,-0.0003503295773225057
Test Annual Return,0.0011223313959725788
Test Volatility,0.0486338889328772
Test Sharpe Ratio,0.02307714683318008
Test Max Drawdown,-0.06714538081061112
