Metric,Value
Total Return,0.018680077483139712
Annual Return,0.002638503199313974
Annual Volatility,0.05839884968398617
Sharpe Ratio,0.04518073923701772
Max Drawdown,-0.2659372063385865
