Strategy,Total Return,Sharpe
SMA,0.018680077483139712,0.04518073923701772
RSI,-0.17870527858535346,-0.2678219578906211
MACD,-0.1672335631056182,-0.11511725147230994
