regime,Annual_Return,Volatility,Sharpe,Observations
High Volatility,0.00194618438336307,0.10671988216302662,0.018236380549877803,2490
Low Volatility,0.03112688793026987,0.10966656890454442,0.2838320578567861,2490
